skills,
ArcSight,
Nessus,
ISO,
Anti-Malware,
GRC,
Disaster Recovery,
Cloud Security,
Network Security,
Intrusion Detection,
APT,
Information Assurance,
Risk Management,
Vulnerability Assessment,
Firewalls,
DLP,
QRadar,
Malware,
Information Security,
Authentication,
Penetration testing,
Network protocols,
SMTP,
Load Balancer,
Web Proxy,
Web Application Firewall,
Next Generation Firewall,
Anti Spam Firewall,
SOC,
Vulnerability Management,
TS/SCI,
switching,
Network Address Translation,
ITIL,
SSCP,
GCIH,
GCIA,
GSEC,
DoD 8570,
CISSP,
CISA,
CISM,
CEH,
CCNA,
CCNP,
Wireless security,
TTP,
STIG,
SIEM,
Security+,
Incident Response,
Security Architecture,
SCAP,
SANS GIAC certifications,
Routing,
Risk Management Framework,
PCI DSS,
NIST Cybersecurity Framework,
Malware Analysis,
log analysis,
IPS,
Identity and Access Management,
HIPS,
HBSS,
Encryption,
eMASS,
Computer Forensics,
Digital Forensics,
Threat remediation,
Cyber Risk Remediation Analysis,
Cryptography,
COBIT,
Cisco Certifications,
Active Directory,
Access Control List,
ACAS,
Scripting language,
Reactive programming,
Navicat,
OTBI,
Amazon Aurora,
SLF4J,
Data structure,
GraphDB,
Bond,
Core Animation,
WebMatrix,
Telerik DevCraft,
MS Dynamics 365,
JDeferred,
GemFire,
Spring WebFlux,
FactoryBot,
Django Channels,
asyncio,
Cycle.js,
Apollo,
JWT,
Reactive pattern,
Flutter,
GCC,
Emacs,
Trac,
Flow,
Amazon EMR,
AWS lambda,
QNX,
VxWorks,
Buildbot,
Guzzle,
Oracle JET,
Seneca,
Minitest,
Team Foundation,
Teamscale,
IBM Cloud,
ERB,
MLKit,
A/B testing,
R&D,
Anti Patterns,
Memory management,
Cloud Computing,
Relational DB,
OOD,
Design Patterns,
Event Sourcing,
Event-Driven Programming,
SDLC,
Caching,
Oracle Database,
Automation Testing,
Google Compute Engine,
Spanner,
DRY,
SSOT,
Vault,
Hyperledger,
kops,
XUL,
Netflix OSS,
Fastly,
Debugging,
gRPC,
Apache Beam,
CDI,
ReSharper,
LeakCanary,
SwiftyJSON,
Product Owner,
OpenGL Mathematics,
OpenInventor,
ASIO,
GStreamer,
OpenCL,
Template metaprogramming,
CLion,
Chaos,
Lift,
BlueEyes,
Integration testing,
Negative testing,
STLC,
White-box testing,
qTest,
Tosca,
ReportNG,
Microsoft Test Manager,
SSAS,
Snowflake,
Pepper,
Drone,
Raygun,
SQS,
ElastiCache,
RPM,
KSQL,
QlikView,
Kinesis,
Dataset,
StatsModels,
spaCy,
Data Warehousing,
Samza,
SPA,
LINQ,
ETL (Extract Transform and Load),
NLP,
Multithreading,
Razor,
POP,
Amazon S3,
WatchKit,
Kendo,
Elasticsearch,
Scalability,
React Native,
Unit testing,
BDD,
NoSQL,
Distributed System,
OOP,
Kubernetes,
Memcached,
RecyclerView,
OKHTTP,
Fresco,
Room library,
UI Automator,
RoboSpice,
tvOS,
watchOS,
Nimble,
Quick,
Multitasking,
ReactiveKit,
ARKit,
STS,
Jekyll,
Bundler,
Brakeman,
RuboCop,
asm.js,
C#,
Cypress,
Tideways,
PHP-FIG,
PyTorch,
Scrapy,
Bokeh,
SciPy,
MBA,
Hotjar,
Customer Development,
Market Analysis,
Data Analysis,
Mixpanel,
Backlog,
Product Metrics,
Stakeholder,
User,
Product Development,
Product Specification,
Growth,
KPI,
Market Research,
MVP,
Sprint,
Product Manager,
Product Strategy,
Product Management,
Product Lifecycle,
Product,
webpack,
Version Control System (VCS),
Megabyte,
CTR,
CPC,
PPC,
SEO,
Internet Explorer,
.NET Core,
WebSockets,
SMB,
OpenCart,
Verilog,
CCENT,
QEMU,
WooCommerce,
Apache Zeppelin,
Scalatra,
Torch AI,
Autodesk Maya,
ownCloud,
Boilerplate code,
Skeleton,
Moodle,
SymPy,
Phaser,
Gorilla,
Echo,
Buffalo,
Iris,
Gin,
Beego,
Revel,
GoLand,
Odoo,
Chart.js,
nginx,
Figma,
Presto,
Ethereum,
RTP,
ActionScript,
Assembler,
Erlang,
Metaprogramming,
SnapLogic eXtreme,
Framer,
Amazon Kinesis,
Robotic Process Automation (RPA),
AppScan,
OpenLDAP,
SNMP,
CloudFront,
Maltego,
TensorFlow,
MLlib,
Brackets,
SonarQube,
DES,
AES,
Codacy,
WeChat,
Kerberos,
Jaql,
ProGuard,
Cisco NGIPS,
Cloudera CDH,
Bitcoin,
Oracle Fusion Applications,
Dependency Management,
Apache Avro,
AWS CloudFormation,
STP,
MRP,
SilverStripe,
CLI,
MXNet,
BGP,
CloudWatch,
Wicket,
Principle Software Engineer,
Caffe,
Bazel,
SCST,
High-Performance Computing,
OSPF,
ISER,
WebdriverIO,
RNN,
AngularFire,
Enterprise PKI,
Xamarin.UITest,
Slurm,
Docker Swarm,
Panda3D,
IP,
NVD3,
Zephyr,
Redshift (app),
BigQuery,
ImageMagick,
Lazarus,
CockroachDB,
MapForce,
CouchBase,
Godot,
Vertica,
OpenID Connect,
Flexbox,
WEKA,
DBaaS,
Torque 3D,
OrientDB,
Marmalade,
Google Guice,
Haxe,
Apache Mahout,
Final Cut Pro,
WEBrick,
OGRE,
Bitrise,
django CMS,
Dropwizard,
OC4J,
Mustache,
ProcessWire,
SAP MaxDB,
Shippable,
Micro-Cap,
Ceph,
LabVIEW,
Simulink,
Idris,
Ambari,
MAAS,
Netty,
Apache MINA,
Wercker,
VRRP,
Lottie,
Power BI,
ActiveX,
CloudStack,
Nunjucks,
OLAP,
Smoke Testing,
ITOM,
Artificial Neural Networks,
DNN,
Dynamic Programming,
Visual Programming Language,
RethinkDB,
Jinja2,
Data Analysis,
Cloud Foundry,
Groovy,
AIDC,
Angular,
GIMP,
Flinto,
Dreamweaver,
Balsamiq,
Windows Embedded,
WinCE,
WDF,
OpenGL ES,
Mongoose,
KMDF,
Embedded system,
Embedded SQL,
Embedded software,
Embedded operating system,
Embedded Linux,
Embedded Java,
Embedded Database,
Embedded C,
Embedded,
OLE,
FDD,
Kanban,
Pair programming,
Waterfall,
V-Model,
XP (extreme programming),
TDD,
Scrum,
RUP,
RAD,
Prince2,
ICONIX,
DDD,
Agile,
XSLT,
XSL,
XPath,
XMPP,
XML parser,
XML,
XAML,
x86 assembly language,
WML,
WinAPI,
Web services,
UML,
Swagger,
SOLID,
Software Architecture,
SOAP,
SOA,
Shiny,
RRAS,
Retrofit,
RESTful web services,
RESTful API,
REST,
Protobuf,
OpenMP,
MVVM,
MVP,
MVC,
Mule,
MS Exchange Server,
Microservices,
Keras,
HP Server,
Fiddler,
ESB,
DI,
API,
Active Directory,
Xen,
Windows Server,
Windows,
Wily Introscope,
WebSockets,
WebRTC,
Web server,
Web API,
WDS,
WAN,
WAMP,
VPN,
Virtualization tools,
Virtualization,
UNIX,
UDP,
Ubuntu Juju,
Ubuntu,
TLS,
Terraform,
TCP/IP,
TCP,
SunOS,
SSL,
SSIS,
SSH,
Spring Cloud,
Solus,
Solaris,
SMP,
AWS,
Lambda,
SIP,
Shell script,
Shell,
Sensu,
SPDY,
Screen,
SaltStack,
RHEL,
PaaS,
IaaS,
SaaS,
RDP,
RANCID,
RabbitMQ,
Puppet,
Prometheus,
ProFTPD,
Postman,
Postfix,
POP3,
PerfMon,
PagerDuty,
OTRS,
OS,
FCM,
OpenSSL,
OData,
OAuth,
npm,
Nmap,
NFS,
New Relic,
Nagios,
Munin,
MQTT,
MCollective,
Lisp,
Linux shell,
Linux Server,
Linux kernel,
Linux Distributions,
Linux,
LDAP,
KVM,
Kernel module,
JConsole,
ITIL,
iptables,
IPsec,
IMAP,
IM,
IIS,
Icinga,
Hyper-convergence,
https,
HTTP,
HP Diagnostics,
HAProxy,
Gunicorn,
GNU,
Gateway,
Ganglia,
FTP,
FreeBSD,
Filezilla,
Fedora,
Exim,
Dovecot,
DOS,
Docker,
DNS,
Deployment,
DHCP,
Debian,
CPU,
CORBA,
Configuration Management (CM),
Common Lisp,
Chef,
CFEngine,
CentOS,
CDN,
Cacti,
BMC Portal,
Bash,
AS2,
AppFabric,
Apache,
Ansible,
AMQP,
AIX,
OpenStack,
OpenShift,
NetSuite,
Heroku,
Google Cloud Platform,
Amazon EC2,
http4s,
Finch,
Colossus,
POCO,
Loki,
web.py,
Seaborn,
Scapy,
Pyston,
Pylons,
PyBrain,
Pandas,
Flask,
Docutils,
Dask,
Bottle,
Ninject,
Nancy,
Entity Framework,
AutoMapper,
Autofac,
ZK,
WebLogic,
TomEE,
Swing,
Spring Boot,
Spring,
Servlet,
Seam,
RoboGuice,
RESTEasy,
PowerMock,
OpenNLP,
MeshCMS,
Lucene,
Kotlin,
JUnit,
JSTL,
JSoup,
JPQL,
JNI,
JMX,
JMS,
JMock,
Jersey,
JDeveloper,
JDBC,
jBPM,
JBoss,
JAXB,
JavaCC,
JasperReports,
JAF,
Jackson,
Hibernate,
Guava,
GlassFish,
DWR,
Apache Camel,
Apache Ant,
RVM,
Ruby on Rails,
RSpec,
Rake,
Phoenix,
Padrino,
DigitalOcean,
Grape,
BaaS,
W3C,
VoIP,
VOD,
Azure,
Virtual,
Video Streaming,
Unix-like,
Subscription Model,
SME,
SFDC,
SDLC,
SDK,
SDD,
Scope,
SAP,
RIA,
Rendering Engine,
Regular expression,
RIS,
RFP,
QGIS,
Proprietary Software,
Project planning,
Product Roadmap,
POS,
POI,
Plug-in,
PLM,
Parsing,
Parser,
OWASP,
OTA,
ORM,
OpenGL,
Open Source,
Online Marketplace,
NTP,
Networking,
Native Mobile Development,
Monetization,
Middleware,
Microsoft Office,
Microcontrollers,
Merchant Model OTA,
mCommerce,
MCITP,
MailChimp,
Machine Learning,
Legacy Codebase,
KISS,
ISTQB,
IoT,
Infosys,
IDE,
Hardware,
Graphical Design,
Google Play Market,
Google Maps,
GIS,
GCM,
FullCalendar,
Freemium,
Framework,
FME,
ESET,
ERP,
Enterprise Solutions,
EMC,
eCommerce,
Digital Security,
Deep Learning,
Data Science,
Data Mining,
Customer Experience,
Cryptocurrency,
Cross-Platform Mobile Development,
CRM,
Conversion Rate (eCommerce),
Codecs (Video),
Clickstream Analysis,
CGI,
CAM,
CAD,
Bytecode,
Build Automation,
Bug,
Blockchain,
BI,
ASF,
Artificial Intelligence,
Ariba,
ArcGIS,
App Store Optimisation,
App Store,
App Publisher (Mobile),
AOB,
ALM,
Algorithm,
Back-end,
Agency Model OTA,
PHPUnit,
Zombie,
XCUITest,
WebDriver,
WatiN,
WAPT,
UFT (Unified Functional Testing),
UAT,
TestNG,
TestLink,
Telerik Test Studio,
Surefire,
Stress testing,
Spock,
SpiraTest,
SoapUI,
Sinon,
Siege,
Selenium,
Security testing,
Robolectric,
Regression testing,
Ranorex,
QUnit,
QuickCheck,
QTP,
QC,
Pytest,
Protractor,
PhantomJS,
Performance testing,
Okapi Framework,
Nose,
Nodeunit,
Nightwatch.js,
NeoLoad,
Monkey testing,
Mockito,
Mocha,
LoadUI,
LoadRunner,
Load testing,
Karma,
Kali Linux,
Jtest,
JMeter,
Jest,
JBehave,
JavaScript testing tools,
Jasmine,
Iperf,
Unreal Engine,
Unity,
SpriteKit,
libGDX,
HeroScript,
HeroEngine,
GameSalad,
Game​Kit,
Corona,
Cocos Denshion,
Cocos2d-x,
Chipmunk2D,
Box2D,
Blender,
Allegro,
YARN,
Tableau,
Sqoop,
Oozie,
MapReduce,
Kylin,
Impala,
HDP,
HDFS,
HBase,
IBM RPT,
HP Performance Center,
Gatling,
Galen Framework,
Functional testing,
FitNesse,
Enzyme,
Endurance Testing,
EasyMock,
E2E-tests,
DbUnit,
Cucumber,
Cross-browser testing,
Controller,
Charles,
Chai,
CasperJS,
Calabash,
BlazeMete,
Black-box testing,
Behat,
Baseline testing,
AutoIt,
Arquillian,
Appium,
Ad-Hoc Distribution (Mobile),
Quality Assurance (QA),
Xamarin.Forms,
Xamarin Studio,
Xamarin,
Titanium,
Sencha,
PhoneGap,
jQuery Mobile,
Ionic Creator,
Ionic,
Hybrid app,
Glide,
Firebase,
Dojo Mobile,
Cordova,
Apache Flex,
Hadoop,
Apache Flume,
NUnit,
DBFlow,
Dagger,
greenDAO,
Espresso,
Android SDK,
Android Studio,
Dojo,
Cross-Platform Mobile Development,
Volley,
Support Library,
SpongyCastle,
RxJava,
RxAndroid,
Robotium,
Picasso,
Mosby,
Mortar,
Logcat,
Evernote,
Conductor,
ButterKnife,
AppCompat,
Android Wear,
Android TV,
Android NDK,
Android N,
Android IDE,
Android Auto,
AndEngine,
ADT,
adb,
ActionBarSherlock,
Android,
Apache Spark,
Apache Pig,
Apache Hive,
Apache Flink,
Big Data,
Typhoon,
TestFlight,
Storyboard,
StoreKit,
HockeyApp,
CoreFoundation,
Core Location,
Carthage,
APNs,
AFNetworking,
iOS 10 Speech Recognition API,
iOS SDK,
iOS,
XCTest,
Xcode,
UIKit,
Swift,
Stack Views,
RxSwift,
Realm,
ReactiveCocoa,
QuickBlox,
Property Lists,
Objective-C,
NSOperation,
Moya framework,
Metal,
MessageUI,
Memory Graph Debugger,
MapKit,
In APP purchase,
GCD,
Flurry,
FastLane,
Fabric,
EventKit,
CoreImage,
Core Graphics,
Core Data,
Core Bluetooth,
CocoaPods,
Cocoa Touch,
Cocoa,
Clean Architecture (VIPER),
AVFoundation,
ARC,
Auto Layout,
AppCode,
Alamofire,
Accelerate framework,
3D Touch,
Celery,
Camunda,
Bugzilla,
Bamboo,
Continuous Integration (CI),
Assembla,
Asana,
Artifactory,
Appdynamics,
APM,
API.AI,
Apex,
Apache Mesos,
Apache Ivy,
CircleCI,
ZooKeeper,
Zabbix,
YouTrack,
Yeoman,
Xtext,
XMind,
XAMPP,
WSUS,
Wit.ai,
Wireshark,
WebEx,
VSTS,
VMware,
Visual SourceSafe,
Vim,
Vi,
Velocity,
VCS tools,
Varnish,
Vagrant,
Unisys,
Trello,
Travis CI,
Traceur,
TFS,
TestRail,
TeamCity,
Targetprocess,
Tail,
SwitchYard,
SVN,
Storm,
Squid,
SQL Developer,
Splunk,
SourceTree,
Slack,
Silverlight,
SharePoint,
Sentry,
ScrumDesk,
SAS,
SAP-Web,
Samba,
Rsync,
RhinoScript,
Redmine,
Rational Team Concert,
qmake,
PowerShell,
Perforce,
Packer,
OpenTok,
OpenROAD,
OpenProject,
OpenCV,
OCR,
NTFS,
NSIS,
NetBeans,
NAnt,
MPLAB,
MOSS,
MockServer,
Metasploit,
Mercurial,
Mathematica,
Markdown,
Mantis,
LVM,
LSD,
Lotus,
Logstash,
LLVM,
Liferay,
LEMP,
Kunagi,
Kibana,
Jira,
Jenkins,
Jellyfish,
Jedi,
Inkscape,
IDE (editors for code),
Hudson,
High-load tools,
Hiera,
Grep,
Graphite,
Grafana,
Google Drive,
Google Closure,
Google Analytics,
GitLab,
GitHub,
Git,
Gerrit,
Genesys,
FogBugz,
Fluentd,
FlashDevelop,
Exago,
Episerver,
Enterprise Architect,
ELK,
Elastic Beanstalk,
Dynatrace,
Disassembler,
CVS,
Curl,
Crystal Reports,
CruiseControl,
Crucible,
CQRS,
CQ5,
Continuous Deployment (CD),
Continuous Delivery,
Confluence,
Compiler,
Codeship,
CodeBlocks,
ClearQuest,
CA Plex,
Bitbucket,
BIRT,
Basecamp,
CI tools,
AEM,
ClearCase,
Bug/Issue Tracking system,
Axure RP,
Avocode,
Alignment,
Adobe Photoshop,
Adobe Illustrator,
Adobe After Effects,
MODX,
MySQLi,
Phalcon,
Voldemort,
Toad,
Teradata,
T-SQL,
Sqlmap,
SQLite,
SQL Server,
SQL,
Sphinx,
Solr,
RocksDB,
Riak,
Redshift,
Redis,
RDS,
RDBMS,
Primary Key,
PostgreSQL,
PostGIS,
PL/SQL,
PervasiveSQL,
Percona DB,
ORD,
Object-related mapping (ORM),
NoSQL databases,
Neo4j,
MySQL,
MS SQL Server,
MS Access,
MongoDB,
MemSQL,
MariaDB,
Liquibase,
InterBase,
InfluxDB,
HANA,
Firebird,
Event Store,
Laravel,
Kohana,
Mockery,
MAMP,
Magento,
LAMP,
Joomla,
HHVM,
Gearman,
Drupal,
Doctrine,
Composer,
CodeIgniter,
Codeception,
CMS,
CakePHP,
Blackfire,
Bitrix Framework,
APC,
Koa,
Hapi,
Express.js,
Derby,
AMP,
Meteor,
PHP,
MEAN,
Restify,
Sails,
Web Design,
Database,
Node.js,
Modernizr,
Sublime Text,
FPGA,
DynamoDB,
Dbf,
DB2,
CSV,
CRUD,
CouchDB,
Cassandra,
Big Table,
Berkeley DB,
AWR,
ArangoDB,
Zend Framework,
Yii,
XDebug,
WordPress,
TYPO3,
Twig,
Symfony,
Smarty,
Slim,
Silex,
PSR,
PhpStorm,
PHPSpec,
phpDocumentor,
PHP-FPM,
Active Record,
Ruby,
Haml,
HTMLPad,
Knockout,
Three.js,
PaperJS,
IntelliJ IDEA,
Xtend,
VBScript,
Thrift,
RPG,
R language,
Perl,
OCaml,
MATLAB,
Maple,
Lua,
Haskell,
Hack,
Go,
Delphi,
Dart,
CoffeeScript,
COBOL,
Clojure,
CCL,
Assembly language,
Ada,
Spray,
Slick,
Shapeless,
Scalaz,
SBT 0.13.12,
sbt,
Play 2.5.0,
Play,
Lift 3.0-RC1,
Finatra,
Cats,
Apache Kafka,
Akka HTTP,
Akka,
Scala,
Libmicrohttpd,
Kore,
CUDA,
ANSI C,
C language,
ZeroMQ,
wxWidgets,
Visual Studio,
Visual C++,
VBA,
Valgrind,
STL,
Rust,
RapidJSON,
Qt Creator,
Qt,
PwC (contract programming),
CppDB,
MFC,
gperf,
GLSL,
Cppcheck,
Clang,
Boost,
ACE,
C++,
Twisted,
wxPython,
Web2py,
Virtualenv,
Tornado,
Theano,
SQLAlchemy,
Scikit-Learn,
Pyramid,
Pyparsing,
PyGTK,
PyCharm,
NumPy,
matplotlib,
Kivy,
Jupyter (IPython),
Django,
YAML,
XHTML,
WSDL,
WinForms,
WebStorm,
WebSphere,
WebRx,
WebKit,
WebGL,
Vuex,
Vue,
Vanilla JS,
Underscore.js,
TypeScript,
Turret,
Stylus,
Spine JS,
Socket.IO,
SCSS,
Mercury,
Sass,
SAML,
RxJS,
RequireJS,
Relay,
Redux,
ReactJS,
Prototype,
PrimeNG,
PostCSS,
Polymer,
PixiJS,
Marionette,
OOCSS,
MobX,
Masonry,
LESS,
Leaflet,
JSX,
JSON,
jQuery UI,
JFace,
jQuery,
JavaScript frameworks,
JavaScript,
Isomorphic apps,
Infragistics,
Immutable.js,
HTML-related,
Highcharts,
HTML,
Handlebars.js,
Gulp,
GSAP,
ESLint,
Grunt,
GraphQL,
Foundation,
Flux,
ExtJS,
DOM,
ECMAScript,
Dust.js,
DHTML,
D3.js,
CSS-related,
CSS Modules,
CSS Preprocessor,
CSS,
Core.js,
Compass,
ClojureScript,
CanvasJS,
Brunch,
Browserify,
Broccoli,
Bower,
Bourbon,
Bootstrap,
Blaze,
BEM,
Backbone.js,
BabylonJS,
Babel,
Aurelia,
Atom,
Angular CLI,
Angular 2,
AJAX,
Front-end,
CPython,
CherryPy,
BeeWare,
Python,
xUnit.net,
WPF,
WCF,
VB.Net,
Unsafe Code,
StyleCop,
SSRS,
SpecFlow,
Sitecore CMS,
SignalR,
Roslyn (.NET Compiler Platform),
P/Invoke,
OWIN,
Octopus,
NuGet,
NHibernate,
MStest,
MsBuild,
Moq,
Mono,
Log4net,
Kentico,
F#,
CLR,
Chart FX,
ASP.NET,
ASP.NET MVC,
ASP.NET Core,
ADO.NET,
Ember.js,
Elm,
Electron,
Accord.NET Framework,
.NET,
ZXing,
WildFly,
Vaadin,
UIMA,
Tomcat,
Thymeleaf,
Struts 2,
Struts,
Spring MVC,
Spring Integration,
RichFaces,
Resin,
PrimeFaces,
OSGi,
Maven,
Log4j,
Launch4j,
KeyStore,
JVM,
JSP,
JSF,
JRE,
JPA,
JMM,
JMC,
JFR,
JFlex,
Jetty,
JDK,
JAX-WS,
JAX-RS,
JavaFX,
Java SE,
Java ME,
Java EE,
JADE,
JAAS,
Hybris,
GWT,
Grails,
Gradle,
FreeMarker,
Ehcache,
EclipseLink,
ClearTK,
Cactus,
Burp Suite,
ADF,
ActiveMQ,
Java,
Watir,
Sinatra,
Sidekiq,
Ruby Arrays,
RubyGems,
Crystal,
Passenger,
Elixir,
JRuby,
EventMachine,
Capybara,
Capistrano,
Android keywords,
Visual Studio Code,
Eclipse,
Internatio­nalization (i18n),
OOAD,
Markup (formatting and processing of text),
EJB,
Java testing tools,
Webflow,
Big Data tools,
iOS programming languages,
CPO,
Header,
Design Pattern examples,
System Administrator,
PWA,
InDesign,
PaintCode,
Thread,
SVG,
Proto.io,
Bug (Issue) Tracking tools,
Redundancy,
Types of testing,
CM tools,
Monitoring tools,
Load, Stress and Performance testing tools
Functional, Regression testing tools
Cross-platform Mobile (mostly JavaScript),
iOS tools,
iOS frameworks,
Scala frameworks,
C++ frameworks,
Data binding,
Team Leader,
Java deployment,
Java build tools,
Java SE frameworks,
Java EE frameworks,
Back-end Developer,
Automation QA Engineer,
Front-end Developer,
VCS services,
Scripting languages,
DSL,
Languages with OO features,
Functional languages,
ORM frameworks,
Java ORM frameworks,
Python frameworks,
C# testing tools,
DevOps,
Principle,
Responsive web design,
TrackDuck,
UX,
Flat UI,
Ruby deployment,
Ruby frameworks,
Ruby testing tools,
PHP frameworks,
PHP keywords,
Programming Paradigm,
UI,
Hg,
Data migration,
UXPin,
Visual Design,
Pixel,
Script,
Material Design,
Semantic UI,
InVision,
Zeplin,
Justinmind,
SalesForce Developer,
Web Developer,
Interaction Designer,
Wireframe,
Sketch,
Mockup,
GUI,
Functional programming,
Webservices,
Application Developer,
Data Warehouse Developer,
Scrum Master,
Quality Engineer,
UX Designer,
UI Designer,
Technical Account Manager,
Solution Architect,
Software Architect,
Site Reliability Engineer,
Network Engineer,
Mobile Developer,
Manual QA Engineer,
Graphic Designer,
Full-stack Developer,
DevOps Engineer,
Data Scientist,
CTO,
Business Intelligence Analyst,
Business Analyst,
Build Release Engineer,
Big Data Engineer,
Agile Coach,
Security,
Tuning,
Robust,
Refactoring,
Performance optimization,
Localization (l10n),
Failover,
Asynchronous (Async) Requests,
Concurrency,
Clustering,
Availability,
Accessibility (a11y),
gtest,
Reactive code,
Magic keywords for DBA,
C# frameworks,
